ImageNameInternal,ObjectId,PatchId,PercentageOfWhite
3x4@_0_132171.jpg,132171,0,100
3x4@_0_145016.jpg,145016,0,100
3x4@_0_151450.jpg,151450,0,100
3x4@_0_190422.jpg,190422,0,100
3x4@_0_216454.jpg,216454,0,100
3x4@_0_220138.jpg,220138,0,100
3x4@_0_226780.jpg,226780,0,100
3x4@_0_228109.jpg,228109,0,100
3x4@_0_230551.jpg,230551,0,100
3x4@_0_237457.jpg,237457,0,100
3x4@_0_250726.jpg,250726,0,100
3x4@_0_272122.jpg,272122,0,100
3x4@_0_275856.jpg,275856,0,100
3x4@_0_277470.jpg,277470,0,100
3x4@_0_294189.jpg,294189,0,100
3x4@_0_44959.jpg,44959,0,100
3x4@_0_65847.jpg,65847,0,100
3x4@_0_mpn101-6233.jpg,mpn101-6233,0,100
3x4@_0_mpn109-5549.jpg,mpn109-5549,0,100
3x4@_0_mpn419-7610.jpg,mpn419-7610,0,100
3x4@_0_mpn499-9007.jpg,mpn499-9007,0,100
3x4@_0_mpn499-9012.jpg,mpn499-9012,0,100
3x4@_0_mpn501-6400.jpg,mpn501-6400,0,100
3x4@_0_mpn519-9105.jpg,mpn519-9105,0,100
3x4@_0_mpn544-6494.jpg,mpn544-6494,0,100
3x4@_0_mpn546-9151.jpg,mpn546-9151,0,100
3x4@_0_mpn803-2225.jpg,mpn803-2225,0,100
3x4@_0_mpn803-6152.jpg,mpn803-6152,0,100
3x4@_0_mpn803-9107.jpg,mpn803-9107,0,100
3x4@_0_mpn806-4842.jpg,mpn806-4842,0,100
3x4@_0_mpn809-1149.jpg,mpn809-1149,0,100
3x4@_0_mpn824-6674.jpg,mpn824-6674,0,100
3x4@_0_mpn826-9733.jpg,mpn826-9733,0,100
3x4@_0_mpn841-1550.jpg,mpn841-1550,0,100
3x4@_0_mpn841-6605.jpg,mpn841-6605,0,100
3x4@_0_mpn889-2160.jpg,mpn889-2160,0,100
3x4@_0_mpn889-5142.jpg,mpn889-5142,0,100
3x4@_0_mpn919-6416.jpg,mpn919-6416,0,100
3x4@_0_mpn961-1703.jpg,mpn961-1703,0,100
3x4@_0_mpn961-2085.jpg,mpn961-2085,0,100
3x4@_0_mpn961-3368.jpg,mpn961-3368,0,100
3x4@_0_mpn961-5709.jpg,mpn961-5709,0,100
3x4@_0_mpn966-4035.jpg,mpn966-4035,0,100
3x4@_0_mpn969-1220.jpg,mpn969-1220,0,100
3x4@_0_mpn969-2010.jpg,mpn969-2010,0,100
3x4@_10_mpn123-5600.jpg,mpn123-5600,10,100
3x4@_10_mpn329-5006.jpg,mpn329-5006,10,100
3x4@_10_mpn504-1567.jpg,mpn504-1567,10,100
3x4@_10_mpn624-5603.jpg,mpn624-5603,10,100
3x4@_10_mpn823-2033.jpg,mpn823-2033,10,100
3x4@_10_mpn826-2735.jpg,mpn826-2735,10,100
3x4@_10_mpn844-3007.jpg,mpn844-3007,10,100
3x4@_10_mpn844-6603.jpg,mpn844-6603,10,100
3x4@_10_mpn844-6630.jpg,mpn844-6630,10,100
3x4@_10_mpn894-6230.jpg,mpn894-6230,10,100
3x4@_11_108450.jpg,108450,11,100
3x4@_11_124569.jpg,124569,11,100
3x4@_11_159194.jpg,159194,11,100
3x4@_11_189126.jpg,189126,11,100
3x4@_11_200277.jpg,200277,11,100
3x4@_11_215326.jpg,215326,11,100
3x4@_11_216937.jpg,216937,11,100
3x4@_11_217219.jpg,217219,11,100
3x4@_11_227011.jpg,227011,11,100
3x4@_11_238042.jpg,238042,11,100
3x4@_11_246391.jpg,246391,11,100
3x4@_11_250363.jpg,250363,11,100
3x4@_11_272113.jpg,272113,11,100
3x4@_11_273723.jpg,273723,11,100
3x4@_11_275805.jpg,275805,11,100
3x4@_11_275829.jpg,275829,11,100
3x4@_11_295491.jpg,295491,11,100
3x4@_11_88953.jpg,88953,11,100
3x4@_11_88956.jpg,88956,11,100
3x4@_11_mpn509-1401.jpg,mpn509-1401,11,100
3x4@_11_mpn509-6171.jpg,mpn509-6171,11,100
3x4@_11_mpn509-6965.jpg,mpn509-6965,11,100
3x4@_11_mpn581-9601.jpg,mpn581-9601,11,100
3x4@_11_mpn624-6014.jpg,mpn624-6014,11,100
3x4@_11_mpn826-3653.jpg,mpn826-3653,11,100
3x4@_11_mpn826-3735.jpg,mpn826-3735,11,100
3x4@_11_mpn844-6630.jpg,mpn844-6630,11,100
3x4@_11_mpn846-4605.jpg,mpn846-4605,11,100
3x4@_11_mpn896-6027.jpg,mpn896-6027,11,100
3x4@_11_mpn963-8001.jpg,mpn963-8001,11,100
3x4@_1_233041.jpg,233041,1,100
3x4@_1_278280.jpg,278280,1,100
3x4@_1_294189.jpg,294189,1,100
3x4@_1_296667.jpg,296667,1,100
3x4@_1_298398.jpg,298398,1,100
3x4@_1_mpn309-6141.jpg,mpn309-6141,1,100
3x4@_1_mpn311-2190.jpg,mpn311-2190,1,100
3x4@_1_mpn321-2255.jpg,mpn321-2255,1,100
3x4@_1_mpn501-2410.jpg,mpn501-2410,1,100
3x4@_1_mpn523-2601.jpg,mpn523-2601,1,100
3x4@_1_mpn523-9601.jpg,mpn523-9601,1,100
3x4@_1_mpn543-2104.jpg,mpn543-2104,1,100
3x4@_1_mpn543-9104.jpg,mpn543-9104,1,100
3x4@_1_mpn543-9208.jpg,mpn543-9208,1,100
3x4@_1_mpn544-6213.jpg,mpn544-6213,1,100
3x4@_1_mpn546-6053.jpg,mpn546-6053,1,100
3x4@_1_mpn549-2038.jpg,mpn549-2038,1,100
3x4@_1_mpn596-6634.jpg,mpn596-6634,1,100
3x4@_1_mpn723-6014.jpg,mpn723-6014,1,100
3x4@_1_mpn724-1400.jpg,mpn724-1400,1,100
3x4@_1_mpn724-6010.jpg,mpn724-6010,1,100
3x4@_1_mpn809-1149.jpg,mpn809-1149,1,100
3x4@_1_mpn809-2822.jpg,mpn809-2822,1,100
3x4@_1_mpn824-6767.jpg,mpn824-6767,1,100
3x4@_1_mpn889-6225.jpg,mpn889-6225,1,100
3x4@_1_mpn891-6601.jpg,mpn891-6601,1,100
3x4@_1_mpn893-9003.jpg,mpn893-9003,1,100
3x4@_2_139356.jpg,139356,2,100
3x4@_2_151450.jpg,151450,2,100
3x4@_2_183237.jpg,183237,2,100
3x4@_2_195945.jpg,195945,2,100
3x4@_2_246496.jpg,246496,2,100
3x4@_2_267517.jpg,267517,2,100
3x4@_2_267532.jpg,267532,2,100
3x4@_2_269740.jpg,269740,2,100
3x4@_2_282837.jpg,282837,2,100
3x4@_2_295938.jpg,295938,2,100
3x4@_2_298374.jpg,298374,2,100
3x4@_2_mpn909-5600.jpg,mpn909-5600,2,100
3x4@_2_mpn961-0078.jpg,mpn961-0078,2,100
3x4@_2_mpn961-2274.jpg,mpn961-2274,2,100
3x4@_2_mpn961-3368.jpg,mpn961-3368,2,100
3x4@_2_mpn964-6210.jpg,mpn964-6210,2,100
3x4@_3_130653.jpg,130653,3,100
3x4@_3_187452.jpg,187452,3,100
3x4@_3_195609.jpg,195609,3,100
3x4@_3_199194.jpg,199194,3,100
3x4@_3_219850.jpg,219850,3,100
3x4@_3_219859.jpg,219859,3,100
3x4@_3_231484.jpg,231484,3,100
3x4@_3_236626.jpg,236626,3,100
3x4@_3_241990.jpg,241990,3,100
3x4@_3_254356.jpg,254356,3,100
3x4@_3_266428.jpg,266428,3,100
3x4@_3_268093.jpg,268093,3,100
3x4@_3_281034.jpg,281034,3,100
3x4@_3_284922.jpg,284922,3,100
3x4@_3_294162.jpg,294162,3,100
3x4@_3_50226.jpg,50226,3,100
3x4@_4_117669.jpg,117669,4,100
3x4@_4_117696.jpg,117696,4,100
3x4@_4_205374.jpg,205374,4,100
3x4@_4_213133.jpg,213133,4,100
3x4@_4_224551.jpg,224551,4,100
3x4@_4_231484.jpg,231484,4,100
3x4@_4_237607.jpg,237607,4,100
3x4@_4_240784.jpg,240784,4,100
3x4@_4_253864.jpg,253864,4,100
3x4@_4_259408.jpg,259408,4,100
3x4@_4_259411.jpg,259411,4,100
3x4@_4_268777.jpg,268777,4,100
3x4@_4_269986.jpg,269986,4,100
3x4@_4_277350.jpg,277350,4,100
3x4@_4_277404.jpg,277404,4,100
3x4@_4_284316.jpg,284316,4,100
3x4@_4_284376.jpg,284376,4,100
3x4@_4_284460.jpg,284460,4,100
3x4@_4_284463.jpg,284463,4,100
3x4@_4_284472.jpg,284472,4,100
3x4@_4_292383.jpg,292383,4,100
3x4@_4_299172.jpg,299172,4,100
3x4@_4_49970.jpg,49970,4,100
3x4@_5_191835.jpg,191835,5,100
3x4@_5_233242.jpg,233242,5,100
3x4@_5_235723.jpg,235723,5,100
3x4@_5_241534.jpg,241534,5,100
3x4@_5_241543.jpg,241543,5,100
3x4@_5_243274.jpg,243274,5,100
3x4@_5_259408.jpg,259408,5,100
3x4@_5_259411.jpg,259411,5,100
3x4@_5_267301.jpg,267301,5,100
3x4@_5_280653.jpg,280653,5,100
3x4@_5_293496.jpg,293496,5,100
3x4@_5_mpn211-9604.jpg,mpn211-9604,5,100
3x4@_5_mpn214-9600.jpg,mpn214-9600,5,100
3x4@_5_mpn361-6551.jpg,mpn361-6551,5,100
3x4@_5_mpn509-6535.jpg,mpn509-6535,5,100
3x4@_5_mpn511-9071.jpg,mpn511-9071,5,100
3x4@_5_mpn624-6603.jpg,mpn624-6603,5,100
3x4@_5_mpn823-6017.jpg,mpn823-6017,5,100
3x4@_5_mpn823-9608.jpg,mpn823-9608,5,100
3x4@_5_mpn824-3108.jpg,mpn824-3108,5,100
3x4@_5_mpn824-3338.jpg,mpn824-3338,5,100
3x4@_5_mpn826-2647.jpg,mpn826-2647,5,100
3x4@_5_mpn826-2794.jpg,mpn826-2794,5,100
3x4@_5_mpn826-3094.jpg,mpn826-3094,5,100
3x4@_5_mpn826-3095.jpg,mpn826-3095,5,100
3x4@_5_mpn826-3771.jpg,mpn826-3771,5,100
3x4@_5_mpn826-3802.jpg,mpn826-3802,5,100
3x4@_5_mpn826-3804.jpg,mpn826-3804,5,100
3x4@_5_mpn826-3824.jpg,mpn826-3824,5,100
3x4@_5_mpn826-3836.jpg,mpn826-3836,5,100
3x4@_5_mpn846-6613.jpg,mpn846-6613,5,100
3x4@_5_mpn846-7616.jpg,mpn846-7616,5,100
3x4@_5_mpn846-9619.jpg,mpn846-9619,5,100
3x4@_5_mpn899-9009.jpg,mpn899-9009,5,100
3x4@_5_mpn951-1600.jpg,mpn951-1600,5,100
3x4@_5_mpn953-9325.jpg,mpn953-9325,5,100
3x4@_6_174882.jpg,174882,6,100
3x4@_6_183234.jpg,183234,6,100
3x4@_6_209100.jpg,209100,6,100
3x4@_6_247756.jpg,247756,6,100
3x4@_6_254356.jpg,254356,6,100
3x4@_6_272113.jpg,272113,6,100
3x4@_6_290847.jpg,290847,6,100
3x4@_6_297855.jpg,297855,6,100
3x4@_6_44959.jpg,44959,6,100
3x4@_6_mpn919-6411.jpg,mpn919-6411,6,100
3x4@_8_122832.jpg,122832,8,100
3x4@_8_123207.jpg,123207,8,100
3x4@_8_188217.jpg,188217,8,100
3x4@_8_248392.jpg,248392,8,100
3x4@_8_248401.jpg,248401,8,100
3x4@_8_282663.jpg,282663,8,100
3x4@_8_288288.jpg,288288,8,100
3x4@_9_126591.jpg,126591,9,100
3x4@_9_137448.jpg,137448,9,100
3x4@_9_156581.jpg,156581,9,100
3x4@_9_163095.jpg,163095,9,100
3x4@_9_163302.jpg,163302,9,100
3x4@_9_183234.jpg,183234,9,100
3x4@_9_187881.jpg,187881,9,100
3x4@_9_206493.jpg,206493,9,100
3x4@_9_208716.jpg,208716,9,100
3x4@_9_216937.jpg,216937,9,100
3x4@_9_217219.jpg,217219,9,100
3x4@_9_219343.jpg,219343,9,100
3x4@_9_226318.jpg,226318,9,100
3x4@_9_233134.jpg,233134,9,100
3x4@_9_248410.jpg,248410,9,100
3x4@_9_265363.jpg,265363,9,100
3x4@_9_269137.jpg,269137,9,100
3x4@_9_269401.jpg,269401,9,100
3x4@_9_269563.jpg,269563,9,100
3x4@_9_276126.jpg,276126,9,100
3x4@_9_280311.jpg,280311,9,100
3x4@_9_297891.jpg,297891,9,100
3x4@_9_44959.jpg,44959,9,100
3x4@_9_mpn129-9600.jpg,mpn129-9600,9,100
3x4@_9_mpn503-2829.jpg,mpn503-2829,9,100
3x4@_9_mpn503-3829.jpg,mpn503-3829,9,100
3x4@_9_mpn546-6053.jpg,mpn546-6053,9,100
3x4@_9_mpn546-6601.jpg,mpn546-6601,9,100
3x4@_9_mpn556-5321.jpg,mpn556-5321,9,100
3x4@_9_mpn598-6600.jpg,mpn598-6600,9,100
3x4@_9_mpn611-6006.jpg,mpn611-6006,9,100
3x4@_9_mpn614-6003.jpg,mpn614-6003,9,100
3x4@_9_mpn621-6384.jpg,mpn621-6384,9,100
3x4@_9_mpn621-6600.jpg,mpn621-6600,9,100
3x4@_9_mpn721-6603.jpg,mpn721-6603,9,100
3x4@_9_mpn721-9602.jpg,mpn721-9602,9,100
3x4@_9_mpn724-6010.jpg,mpn724-6010,9,100
3x4@_9_mpn724-6645.jpg,mpn724-6645,9,100
3x4@_9_mpn724-6647.jpg,mpn724-6647,9,100
3x4@_9_mpn824-6767.jpg,mpn824-6767,9,100
3x4@_9_mpn843-4052.jpg,mpn843-4052,9,100
3x4@_9_mpn843-7052.jpg,mpn843-7052,9,100
3x4@_9_mpn881-6601.jpg,mpn881-6601,9,100
3x4@_9_mpn894-3672.jpg,mpn894-3672,9,100
3x4@_0_139356.jpg,139356,0,100
3x4@_0_143858.jpg,143858,0,100
3x4@_0_232819.jpg,232819,0,100
3x4@_0_232822.jpg,232822,0,100
3x4@_0_232855.jpg,232855,0,100
3x4@_0_232873.jpg,232873,0,100
3x4@_0_235081.jpg,235081,0,100
3x4@_0_245113.jpg,245113,0,100
3x4@_0_283002.jpg,283002,0,100
3x4@_0_283008.jpg,283008,0,100
3x4@_0_283023.jpg,283023,0,100
3x4@_0_283029.jpg,283029,0,100
3x4@_0_289128.jpg,289128,0,100
3x4@_0_295152.jpg,295152,0,100
3x4@_0_295506.jpg,295506,0,100
3x4@_0_mpn111-9613.jpg,mpn111-9613,0,100
3x4@_0_mpn114-9019.jpg,mpn114-9019,0,100
3x4@_0_mpn321-9601.jpg,mpn321-9601,0,100
3x4@_0_mpn329-5005.jpg,mpn329-5005,0,100
3x4@_0_mpn503-5116.jpg,mpn503-5116,0,100
3x4@_0_mpn503-9201.jpg,mpn503-9201,0,100
3x4@_0_mpn509-1335.jpg,mpn509-1335,0,100
3x4@_0_mpn509-1656.jpg,mpn509-1656,0,100
3x4@_0_mpn509-1967.jpg,mpn509-1967,0,100
3x4@_0_mpn524-6001.jpg,mpn524-6001,0,100
3x4@_0_mpn524-6120.jpg,mpn524-6120,0,100
3x4@_0_mpn526-2311.jpg,mpn526-2311,0,100
3x4@_0_mpn526-2503.jpg,mpn526-2503,0,100
3x4@_0_mpn809-2182.jpg,mpn809-2182,0,100
3x4@_0_mpn809-2822.jpg,mpn809-2822,0,100
3x4@_0_mpn809-6182.jpg,mpn809-6182,0,100
3x4@_0_mpn809-9155.jpg,mpn809-9155,0,100
3x4@_0_mpn809-9271.jpg,mpn809-9271,0,100
3x4@_0_mpn814-6621.jpg,mpn814-6621,0,100
3x4@_0_mpn824-6719.jpg,mpn824-6719,0,100
3x4@_0_mpn843-4625.jpg,mpn843-4625,0,100
3x4@_0_mpn844-6620.jpg,mpn844-6620,0,100
3x4@_0_mpn844-6624.jpg,mpn844-6624,0,100
3x4@_0_mpn844-6630.jpg,mpn844-6630,0,100
3x4@_0_mpn891-6601.jpg,mpn891-6601,0,100
3x4@_0_mpn961-6244.jpg,mpn961-6244,0,100
3x4@_0_mpn961-6532.jpg,mpn961-6532,0,100
3x4@_0_mpn961-6610.jpg,mpn961-6610,0,100
3x4@_0_mpn961-6690.jpg,mpn961-6690,0,100
3x4@_0_mpn961-6722.jpg,mpn961-6722,0,100
3x4@_0_mpn961-6732.jpg,mpn961-6732,0,100
3x4@_10_135312.jpg,135312,10,100
3x4@_10_mpn211-2172.jpg,mpn211-2172,10,100
3x4@_10_mpn211-9604.jpg,mpn211-9604,10,100
3x4@_10_mpn221-5600.jpg,mpn221-5600,10,100
3x4@_10_mpn221-7605.jpg,mpn221-7605,10,100
3x4@_10_mpn509-9357.jpg,mpn509-9357,10,100
3x4@_10_mpn581-9601.jpg,mpn581-9601,10,100
3x4@_10_mpn626-9637.jpg,mpn626-9637,10,100
3x4@_10_mpn628-6065.jpg,mpn628-6065,10,100
3x4@_10_mpn824-2102.jpg,mpn824-2102,10,100
3x4@_10_mpn826-3735.jpg,mpn826-3735,10,100
3x4@_10_mpn826-3819.jpg,mpn826-3819,10,100
3x4@_10_mpn849-6033.jpg,mpn849-6033,10,100
3x4@_10_mpn951-9601.jpg,mpn951-9601,10,100
3x4@_11_126456.jpg,126456,11,100
3x4@_11_148273.jpg,148273,11,100
3x4@_11_181620.jpg,181620,11,100
3x4@_11_186867.jpg,186867,11,100
3x4@_11_198795.jpg,198795,11,100
3x4@_11_227947.jpg,227947,11,100
3x4@_11_232822.jpg,232822,11,100
3x4@_11_232855.jpg,232855,11,100
3x4@_11_232867.jpg,232867,11,100
3x4@_11_259294.jpg,259294,11,100
3x4@_11_261094.jpg,261094,11,100
3x4@_11_261151.jpg,261151,11,100
3x4@_11_267001.jpg,267001,11,100
3x4@_11_278016.jpg,278016,11,100
3x4@_11_280311.jpg,280311,11,100
3x4@_11_280743.jpg,280743,11,100
3x4@_11_284523.jpg,284523,11,100
3x4@_11_290127.jpg,290127,11,100
3x4@_11_298380.jpg,298380,11,100
3x4@_11_49970.jpg,49970,11,100
3x4@_11_83587.jpg,83587,11,100
3x4@_11_mpn123-1600.jpg,mpn123-1600,11,100
3x4@_11_mpn124-5006.jpg,mpn124-5006,11,100
3x4@_11_mpn503-2201.jpg,mpn503-2201,11,100
3x4@_11_mpn509-1167.jpg,mpn509-1167,11,100
3x4@_11_mpn524-2497.jpg,mpn524-2497,11,100
3x4@_11_mpn809-2979.jpg,mpn809-2979,11,100
3x4@_11_mpn809-6141.jpg,mpn809-6141,11,100
3x4@_11_mpn809-6350.jpg,mpn809-6350,11,100
3x4@_11_mpn809-9157.jpg,mpn809-9157,11,100
3x4@_11_mpn841-3603.jpg,mpn841-3603,11,100
3x4@_11_mpn844-6626.jpg,mpn844-6626,11,100
3x4@_11_mpn889-9162.jpg,mpn889-9162,11,100
3x4@_11_mpn894-6230.jpg,mpn894-6230,11,100
3x4@_11_mpn969-6284.jpg,mpn969-6284,11,100
3x4@_1_216454.jpg,216454,1,100
3x4@_1_mpn324-1252.jpg,mpn324-1252,1,100
3x4@_1_mpn361-4015.jpg,mpn361-4015,1,100
3x4@_1_mpn509-1167.jpg,mpn509-1167,1,100
3x4@_1_mpn509-1656.jpg,mpn509-1656,1,100
3x4@_1_mpn509-2161.jpg,mpn509-2161,1,100
3x4@_1_mpn526-1635.jpg,mpn526-1635,1,100
3x4@_1_mpn624-2389.jpg,mpn624-2389,1,100
3x4@_1_mpn624-6019.jpg,mpn624-6019,1,100
3x4@_1_mpn624-6272.jpg,mpn624-6272,1,100
3x4@_1_mpn724-6620.jpg,mpn724-6620,1,100
3x4@_1_mpn724-6633.jpg,mpn724-6633,1,100
3x4@_1_mpn726-1080.jpg,mpn726-1080,1,100
3x4@_1_mpn728-1641.jpg,mpn728-1641,1,100
3x4@_1_mpn824-9199.jpg,mpn824-9199,1,100
3x4@_1_mpn843-9606.jpg,mpn843-9606,1,100
3x4@_1_mpn844-6603.jpg,mpn844-6603,1,100
3x4@_1_mpn844-6624.jpg,mpn844-6624,1,100
3x4@_1_mpn844-6627.jpg,mpn844-6627,1,100
3x4@_1_mpn846-2650.jpg,mpn846-2650,1,100
3x4@_1_mpn941-6148.jpg,mpn941-6148,1,100
3x4@_1_mpn941-8146.jpg,mpn941-8146,1,100
3x4@_2_109854.jpg,109854,2,100
3x4@_2_136032.jpg,136032,2,100
3x4@_2_190407.jpg,190407,2,100
3x4@_2_200559.jpg,200559,2,100
3x4@_2_243274.jpg,243274,2,100
3x4@_2_265336.jpg,265336,2,100
3x4@_2_268039.jpg,268039,2,100
3x4@_2_290460.jpg,290460,2,100
3x4@_2_294987.jpg,294987,2,100
3x4@_2_38975.jpg,38975,2,100
3x4@_2_40985.jpg,40985,2,100
3x4@_2_mpn519-9105.jpg,mpn519-9105,2,100
3x4@_2_mpn919-0493.jpg,mpn919-0493,2,100
3x4@_2_mpn919-2363.jpg,mpn919-2363,2,100
3x4@_2_mpn954-2120.jpg,mpn954-2120,2,100
3x4@_2_mpn964-5185.jpg,mpn964-5185,2,100
3x4@_3_142070.jpg,142070,3,100
3x4@_3_193668.jpg,193668,3,100
3x4@_3_196989.jpg,196989,3,100
3x4@_3_200556.jpg,200556,3,100
3x4@_3_226318.jpg,226318,3,100
3x4@_3_236815.jpg,236815,3,100
3x4@_3_253393.jpg,253393,3,100
3x4@_3_253684.jpg,253684,3,100
3x4@_3_276525.jpg,276525,3,100
3x4@_3_285600.jpg,285600,3,100
3x4@_3_285801.jpg,285801,3,100
3x4@_3_44959.jpg,44959,3,100
3x4@_3_98470.jpg,98470,3,100
3x4@_3_mpn919-2434.jpg,mpn919-2434,3,100
3x4@_3_mpn919-6307.jpg,mpn919-6307,3,100
3x4@_3_mpn919-6363.jpg,mpn919-6363,3,100
3x4@_3_mpn919-6416.jpg,mpn919-6416,3,100
3x4@_3_mpn919-9696.jpg,mpn919-9696,3,100
3x4@_4_155086.jpg,155086,4,100
3x4@_4_191082.jpg,191082,4,100
3x4@_4_198645.jpg,198645,4,100
3x4@_4_221176.jpg,221176,4,100
3x4@_4_240736.jpg,240736,4,100
3x4@_4_240739.jpg,240739,4,100
3x4@_4_254965.jpg,254965,4,100
3x4@_4_268042.jpg,268042,4,100
3x4@_4_283557.jpg,283557,4,100
3x4@_4_93505.jpg,93505,4,100
3x4@_5_139197.jpg,139197,5,100
3x4@_5_189429.jpg,189429,5,100
3x4@_5_207642.jpg,207642,5,100
3x4@_5_225703.jpg,225703,5,100
3x4@_5_225751.jpg,225751,5,100
3x4@_5_236626.jpg,236626,5,100
3x4@_5_251137.jpg,251137,5,100
3x4@_5_260362.jpg,260362,5,100
3x4@_5_262849.jpg,262849,5,100
3x4@_5_271912.jpg,271912,5,100
3x4@_5_283119.jpg,283119,5,100
3x4@_5_284922.jpg,284922,5,100
3x4@_5_286623.jpg,286623,5,100
3x4@_5_288288.jpg,288288,5,100
3x4@_5_290460.jpg,290460,5,100
3x4@_5_292383.jpg,292383,5,100
3x4@_5_292509.jpg,292509,5,100
3x4@_5_294162.jpg,294162,5,100
3x4@_5_44639.jpg,44639,5,100
3x4@_5_45907.jpg,45907,5,100
3x4@_5_mpn114-5001.jpg,mpn114-5001,5,100
3x4@_5_mpn114-9001.jpg,mpn114-9001,5,100
3x4@_5_mpn321-3245.jpg,mpn321-3245,5,100
3x4@_5_mpn329-1250.jpg,mpn329-1250,5,100
3x4@_5_mpn329-6008.jpg,mpn329-6008,5,100
3x4@_5_mpn524-6009.jpg,mpn524-6009,5,100
3x4@_5_mpn524-6169.jpg,mpn524-6169,5,100
3x4@_5_mpn524-6349.jpg,mpn524-6349,5,100
3x4@_5_mpn524-6404.jpg,mpn524-6404,5,100
3x4@_5_mpn526-2311.jpg,mpn526-2311,5,100
3x4@_5_mpn549-1602.jpg,mpn549-1602,5,100
3x4@_5_mpn561-2400.jpg,mpn561-2400,5,100
3x4@_5_mpn623-9601.jpg,mpn623-9601,5,100
3x4@_5_mpn809-6822.jpg,mpn809-6822,5,100
3x4@_5_mpn814-6620.jpg,mpn814-6620,5,100
3x4@_5_mpn816-9051.jpg,mpn816-9051,5,100
3x4@_5_mpn824-6752.jpg,mpn824-6752,5,100
3x4@_5_mpn824-6769.jpg,mpn824-6769,5,100
3x4@_5_mpn824-6770.jpg,mpn824-6770,5,100
3x4@_5_mpn824-6796.jpg,mpn824-6796,5,100
3x4@_5_mpn824-6807.jpg,mpn824-6807,5,100
3x4@_5_mpn824-6841.jpg,mpn824-6841,5,100
3x4@_5_mpn824-6842.jpg,mpn824-6842,5,100
3x4@_5_mpn824-6887.jpg,mpn824-6887,5,100
3x4@_5_mpn824-9551.jpg,mpn824-9551,5,100
3x4@_5_mpn824-9908.jpg,mpn824-9908,5,100
3x4@_5_mpn843-9621.jpg,mpn843-9621,5,100
3x4@_5_mpn894-9398.jpg,mpn894-9398,5,100
3x4@_6_148357.jpg,148357,6,100
3x4@_6_248848.jpg,248848,6,100
3x4@_6_250546.jpg,250546,6,100
3x4@_6_270376.jpg,270376,6,100
3x4@_6_96412.jpg,96412,6,100
3x4@_8_127887.jpg,127887,8,100
3x4@_8_143921.jpg,143921,8,100
3x4@_8_163302.jpg,163302,8,100
3x4@_8_238717.jpg,238717,8,100
3x4@_8_69875.jpg,69875,8,100
3x4@_8_mpn599-6500.jpg,mpn599-6500,8,100
3x4@_8_mpn599-8500.jpg,mpn599-8500,8,100
3x4@_8_mpn990-0809.jpg,mpn990-0809,8,100
3x4@_9_100059.jpg,100059,9,100
3x4@_9_148051.jpg,148051,9,100
3x4@_9_158174.jpg,158174,9,100
3x4@_9_181290.jpg,181290,9,100
3x4@_9_181302.jpg,181302,9,100
3x4@_9_227653.jpg,227653,9,100
3x4@_9_232819.jpg,232819,9,100
3x4@_9_232873.jpg,232873,9,100
3x4@_9_245122.jpg,245122,9,100
3x4@_9_263959.jpg,263959,9,100
3x4@_9_284331.jpg,284331,9,100
3x4@_9_284364.jpg,284364,9,100
3x4@_9_284376.jpg,284376,9,100
3x4@_9_284478.jpg,284478,9,100
3x4@_9_287460.jpg,287460,9,100
3x4@_9_289662.jpg,289662,9,100
3x4@_9_49970.jpg,49970,9,100
3x4@_9_88950.jpg,88950,9,100
3x4@_9_88956.jpg,88956,9,100
3x4@_9_mpn121-5100.jpg,mpn121-5100,9,100
3x4@_9_mpn509-1656.jpg,mpn509-1656,9,100
3x4@_9_mpn509-7570.jpg,mpn509-7570,9,100
3x4@_9_mpn509-8538.jpg,mpn509-8538,9,100
3x4@_9_mpn526-6600.jpg,mpn526-6600,9,100
3x4@_9_mpn564-5351.jpg,mpn564-5351,9,100
3x4@_9_mpn624-1118.jpg,mpn624-1118,9,100
3x4@_9_mpn728-5001.jpg,mpn728-5001,9,100
3x4@_9_mpn728-6630.jpg,mpn728-6630,9,100
3x4@_9_mpn728-6633.jpg,mpn728-6633,9,100
3x4@_9_mpn728-8643.jpg,mpn728-8643,9,100
3x4@_9_mpn824-3019.jpg,mpn824-3019,9,100
3x4@_9_mpn846-4081.jpg,mpn846-4081,9,100
3x4@_9_mpn846-9611.jpg,mpn846-9611,9,100
3x4@_9_mpn944-6357.jpg,mpn944-6357,9,100
3x4@_0_195549.jpg,195549,0,100
3x4@_0_199182.jpg,199182,0,100
3x4@_0_202206.jpg,202206,0,100
3x4@_0_243274.jpg,243274,0,100
3x4@_0_248401.jpg,248401,0,100
3x4@_0_248410.jpg,248410,0,100
3x4@_0_259477.jpg,259477,0,100
3x4@_0_263668.jpg,263668,0,100
3x4@_0_265261.jpg,265261,0,100
3x4@_0_265339.jpg,265339,0,100
3x4@_0_279207.jpg,279207,0,100
3x4@_0_280653.jpg,280653,0,100
3x4@_0_287553.jpg,287553,0,100
3x4@_0_38975.jpg,38975,0,100
3x4@_0_53240.jpg,53240,0,100
3x4@_0_53923.jpg,53923,0,100
3x4@_0_96229.jpg,96229,0,100
3x4@_0_97135.jpg,97135,0,100
3x4@_0_mpn224-1006.jpg,mpn224-1006,0,100
3x4@_0_mpn264-9166.jpg,mpn264-9166,0,100
3x4@_0_mpn279-5102.jpg,mpn279-5102,0,100
3x4@_0_mpn401-1231.jpg,mpn401-1231,0,100
3x4@_0_mpn409-6230.jpg,mpn409-6230,0,100
3x4@_0_mpn411-2606.jpg,mpn411-2606,0,100
3x4@_0_mpn514-1197.jpg,mpn514-1197,0,100
3x4@_0_mpn526-9103.jpg,mpn526-9103,0,100
3x4@_0_mpn629-9015.jpg,mpn629-9015,0,100
3x4@_0_mpn801-6229.jpg,mpn801-6229,0,100
3x4@_0_mpn849-6012.jpg,mpn849-6012,0,100
3x4@_0_mpn849-6052.jpg,mpn849-6052,0,100
3x4@_0_mpn964-4204.jpg,mpn964-4204,0,100
3x4@_0_mpn964-6167.jpg,mpn964-6167,0,100
3x4@_10_197454.jpg,197454,10,100
3x4@_10_249511.jpg,249511,10,100
3x4@_10_269137.jpg,269137,10,100
3x4@_10_297891.jpg,297891,10,100
3x4@_10_60107.jpg,60107,10,100
3x4@_10_mpn501-1400.jpg,mpn501-1400,10,100
3x4@_10_mpn503-2201.jpg,mpn503-2201,10,100
3x4@_10_mpn524-6121.jpg,mpn524-6121,10,100
3x4@_10_mpn544-5999.jpg,mpn544-5999,10,100
3x4@_10_mpn544-6213.jpg,mpn544-6213,10,100
3x4@_10_mpn804-6572.jpg,mpn804-6572,10,100
3x4@_10_mpn889-9162.jpg,mpn889-9162,10,100
3x4@_11_157340.jpg,157340,11,100
3x4@_11_164286.jpg,164286,11,100
3x4@_11_173127.jpg,173127,11,100
3x4@_11_174213.jpg,174213,11,100
3x4@_11_179214.jpg,179214,11,100
3x4@_11_189579.jpg,189579,11,100
3x4@_11_194106.jpg,194106,11,100
3x4@_11_194730.jpg,194730,11,100
3x4@_11_198027.jpg,198027,11,100
3x4@_11_200718.jpg,200718,11,100
3x4@_11_220432.jpg,220432,11,100
3x4@_11_225349.jpg,225349,11,100
3x4@_11_240250.jpg,240250,11,100
3x4@_11_240256.jpg,240256,11,100
3x4@_11_240343.jpg,240343,11,100
3x4@_11_240346.jpg,240346,11,100
3x4@_11_246244.jpg,246244,11,100
3x4@_11_249511.jpg,249511,11,100
3x4@_11_249580.jpg,249580,11,100
3x4@_11_251521.jpg,251521,11,100
3x4@_11_253147.jpg,253147,11,100
3x4@_11_255091.jpg,255091,11,100
3x4@_11_269554.jpg,269554,11,100
3x4@_11_280485.jpg,280485,11,100
3x4@_11_288288.jpg,288288,11,100
3x4@_11_294936.jpg,294936,11,100
3x4@_11_63807.jpg,63807,11,100
3x4@_11_64041.jpg,64041,11,100
3x4@_11_93445.jpg,93445,11,100
3x4@_11_96412.jpg,96412,11,100
3x4@_11_mpn224-1006.jpg,mpn224-1006,11,100
3x4@_11_mpn261-1160.jpg,mpn261-1160,11,100
3x4@_11_mpn515-8203.jpg,mpn515-8203,11,100
3x4@_11_mpn528-5600.jpg,mpn528-5600,11,100
3x4@_11_mpn528-6017.jpg,mpn528-6017,11,100
3x4@_11_mpn529-0630.jpg,mpn529-0630,11,100
3x4@_11_mpn824-4694.jpg,mpn824-4694,11,100
3x4@_11_mpn824-6029.jpg,mpn824-6029,11,100
3x4@_11_mpn826-4818.jpg,mpn826-4818,11,100
3x4@_11_mpn826-6652.jpg,mpn826-6652,11,100
3x4@_11_mpn826-6728.jpg,mpn826-6728,11,100
3x4@_1_mpn226-9600.jpg,mpn226-9600,1,100
3x4@_1_mpn264-1010.jpg,mpn264-1010,1,100
3x4@_1_mpn264-9011.jpg,mpn264-9011,1,100
3x4@_1_mpn301-5254.jpg,mpn301-5254,1,100
3x4@_1_mpn409-5558.jpg,mpn409-5558,1,100
3x4@_1_mpn411-7605.jpg,mpn411-7605,1,100
3x4@_1_mpn516-2600.jpg,mpn516-2600,1,100
3x4@_1_mpn519-9105.jpg,mpn519-9105,1,100
3x4@_1_mpn528-1632.jpg,mpn528-1632,1,100
3x4@_1_mpn536-1014.jpg,mpn536-1014,1,100
3x4@_1_mpn803-2225.jpg,mpn803-2225,1,100
3x4@_1_mpn824-6096.jpg,mpn824-6096,1,100
3x4@_1_mpn824-6109.jpg,mpn824-6109,1,100
3x4@_1_mpn824-6272.jpg,mpn824-6272,1,100
3x4@_1_mpn826-9070.jpg,mpn826-9070,1,100
3x4@_1_mpn856-6603.jpg,mpn856-6603,1,100
3x4@_2_131694.jpg,131694,2,100
3x4@_2_182109.jpg,182109,2,100
3x4@_2_230683.jpg,230683,2,100
3x4@_2_239032.jpg,239032,2,100
3x4@_2_240415.jpg,240415,2,100
3x4@_2_285918.jpg,285918,2,100
3x4@_2_294189.jpg,294189,2,100
3x4@_2_mpn941-6146.jpg,mpn941-6146,2,100
3x4@_2_mpn941-6154.jpg,mpn941-6154,2,100
3x4@_2_mpn969-6284.jpg,mpn969-6284,2,100
3x4@_3_106500.jpg,106500,3,100
3x4@_3_155677.jpg,155677,3,100
3x4@_3_233956.jpg,233956,3,100
3x4@_3_238087.jpg,238087,3,100
3x4@_3_241366.jpg,241366,3,100
3x4@_3_248995.jpg,248995,3,100
3x4@_3_250489.jpg,250489,3,100
3x4@_3_250546.jpg,250546,3,100
3x4@_3_250726.jpg,250726,3,100
3x4@_3_260359.jpg,260359,3,100
3x4@_3_269899.jpg,269899,3,100
3x4@_3_284376.jpg,284376,3,100
3x4@_3_284472.jpg,284472,3,100
3x4@_3_287124.jpg,287124,3,100
3x4@_3_290847.jpg,290847,3,100
3x4@_3_294723.jpg,294723,3,100
3x4@_3_55545.jpg,55545,3,100
3x4@_3_mpn409-2117.jpg,mpn409-2117,3,100
3x4@_4_207054.jpg,207054,4,100
3x4@_4_211005.jpg,211005,4,100
3x4@_4_211050.jpg,211050,4,100
3x4@_4_225031.jpg,225031,4,100
3x4@_4_238231.jpg,238231,4,100
3x4@_4_254512.jpg,254512,4,100
3x4@_4_262099.jpg,262099,4,100
3x4@_4_284478.jpg,284478,4,100
3x4@_4_284523.jpg,284523,4,100
3x4@_4_284922.jpg,284922,4,100
3x4@_4_287124.jpg,287124,4,100
3x4@_5_125043.jpg,125043,5,100
3x4@_5_154915.jpg,154915,5,100
3x4@_5_155080.jpg,155080,5,100
3x4@_5_198186.jpg,198186,5,100
3x4@_5_211969.jpg,211969,5,100
3x4@_5_223456.jpg,223456,5,100
3x4@_5_237607.jpg,237607,5,100
3x4@_5_239434.jpg,239434,5,100
3x4@_5_248500.jpg,248500,5,100
3x4@_5_257767.jpg,257767,5,100
3x4@_5_262108.jpg,262108,5,100
3x4@_5_274542.jpg,274542,5,100
3x4@_5_283716.jpg,283716,5,100
3x4@_5_285600.jpg,285600,5,100
3x4@_5_285792.jpg,285792,5,100
3x4@_5_289200.jpg,289200,5,100
3x4@_5_71872.jpg,71872,5,100
3x4@_5_mpn424-6006.jpg,mpn424-6006,5,100
3x4@_5_mpn501-1400.jpg,mpn501-1400,5,100
3x4@_5_mpn501-6400.jpg,mpn501-6400,5,100
3x4@_5_mpn501-6741.jpg,mpn501-6741,5,100
3x4@_5_mpn519-9105.jpg,mpn519-9105,5,100
3x4@_5_mpn523-7602.jpg,mpn523-7602,5,100
3x4@_5_mpn524-0493.jpg,mpn524-0493,5,100
3x4@_5_mpn526-9617.jpg,mpn526-9617,5,100
3x4@_5_mpn528-5631.jpg,mpn528-5631,5,100
3x4@_5_mpn528-6004.jpg,mpn528-6004,5,100
3x4@_5_mpn528-6630.jpg,mpn528-6630,5,100
3x4@_5_mpn661-6213.jpg,mpn661-6213,5,100
3x4@_5_mpn664-9193.jpg,mpn664-9193,5,100
3x4@_5_mpn824-4352.jpg,mpn824-4352,5,100
3x4@_5_mpn824-4654.jpg,mpn824-4654,5,100
3x4@_5_mpn824-4754.jpg,mpn824-4754,5,100
3x4@_5_mpn824-6003.jpg,mpn824-6003,5,100
3x4@_5_mpn824-6110.jpg,mpn824-6110,5,100
3x4@_5_mpn824-6124.jpg,mpn824-6124,5,100
3x4@_5_mpn826-4818.jpg,mpn826-4818,5,100
3x4@_5_mpn826-6790.jpg,mpn826-6790,5,100
3x4@_5_mpn826-6804.jpg,mpn826-6804,5,100
3x4@_5_mpn826-8056.jpg,mpn826-8056,5,100
3x4@_5_mpn826-9099.jpg,mpn826-9099,5,100
3x4@_5_mpn826-9198.jpg,mpn826-9198,5,100
3x4@_6_132171.jpg,132171,6,100
3x4@_6_226318.jpg,226318,6,100
3x4@_6_226345.jpg,226345,6,100
3x4@_6_241366.jpg,241366,6,100
3x4@_6_243802.jpg,243802,6,100
3x4@_6_250252.jpg,250252,6,100
3x4@_6_259798.jpg,259798,6,100
3x4@_6_280650.jpg,280650,6,100
3x4@_6_280653.jpg,280653,6,100
3x4@_6_289614.jpg,289614,6,100
3x4@_6_53923.jpg,53923,6,100
3x4@_6_mpn919-2363.jpg,mpn919-2363,6,100
3x4@_6_mpn919-2411.jpg,mpn919-2411,6,100
3x4@_6_mpn919-2424.jpg,mpn919-2424,6,100
3x4@_7_129663.jpg,129663,7,100
3x4@_8_290847.jpg,290847,8,100
3x4@_8_40985.jpg,40985,8,100
3x4@_8_42903.jpg,42903,8,100
3x4@_8_55480.jpg,55480,8,100
3x4@_8_mpn919-2316.jpg,mpn919-2316,8,100
3x4@_8_mpn919-2363.jpg,mpn919-2363,8,100
3x4@_8_mpn919-2422.jpg,mpn919-2422,8,100
3x4@_9_118332.jpg,118332,9,100
3x4@_9_130653.jpg,130653,9,100
3x4@_9_131922.jpg,131922,9,100
3x4@_9_171609.jpg,171609,9,100
3x4@_9_171861.jpg,171861,9,100
3x4@_9_172149.jpg,172149,9,100
3x4@_9_197454.jpg,197454,9,100
3x4@_9_200049.jpg,200049,9,100
3x4@_9_213007.jpg,213007,9,100
3x4@_9_220393.jpg,220393,9,100
3x4@_9_220432.jpg,220432,9,100
3x4@_9_231907.jpg,231907,9,100
3x4@_9_236623.jpg,236623,9,100
3x4@_9_240352.jpg,240352,9,100
3x4@_9_241366.jpg,241366,9,100
3x4@_9_251521.jpg,251521,9,100
3x4@_9_267001.jpg,267001,9,100
3x4@_9_33580.jpg,33580,9,100
3x4@_9_53923.jpg,53923,9,100
3x4@_9_93421.jpg,93421,9,100
3x4@_9_mpn391-4600.jpg,mpn391-4600,9,100
3x4@_9_mpn593-2601.jpg,mpn593-2601,9,100
3x4@_9_mpn594-2409.jpg,mpn594-2409,9,100
3x4@_9_mpn594-6263.jpg,mpn594-6263,9,100
3x4@_9_mpn594-6267.jpg,mpn594-6267,9,100
3x4@_9_mpn594-6518.jpg,mpn594-6518,9,100
3x4@_9_mpn594-6902.jpg,mpn594-6902,9,100
3x4@_9_mpn729-6601.jpg,mpn729-6601,9,100
3x4@_9_mpn729-6604.jpg,mpn729-6604,9,100
3x4@_9_mpn796-4641.jpg,mpn796-4641,9,100
3x4@_9_mpn824-4723.jpg,mpn824-4723,9,100
3x4@_9_mpn826-4732.jpg,mpn826-4732,9,100
3x4@_9_mpn826-6732.jpg,mpn826-6732,9,100
3x4@_9_mpn826-7726.jpg,mpn826-7726,9,100
3x4@_9_mpn954-6121.jpg,mpn954-6121,9,100
3x4@_0_109854.jpg,109854,0,100
3x4@_0_152263.jpg,152263,0,100
3x4@_0_173982.jpg,173982,0,100
3x4@_0_192888.jpg,192888,0,100
3x4@_0_196626.jpg,196626,0,100
3x4@_0_221941.jpg,221941,0,100
3x4@_0_240247.jpg,240247,0,100
3x4@_0_240349.jpg,240349,0,100
3x4@_0_240367.jpg,240367,0,100
3x4@_0_89562.jpg,89562,0,100
3x4@_0_mpn179-5600.jpg,mpn179-5600,0,100
3x4@_0_mpn211-2156.jpg,mpn211-2156,0,100
3x4@_0_mpn361-1161.jpg,mpn361-1161,0,100
3x4@_0_mpn509-2172.jpg,mpn509-2172,0,100
3x4@_0_mpn509-2822.jpg,mpn509-2822,0,100
3x4@_0_mpn509-6158.jpg,mpn509-6158,0,100
3x4@_0_mpn509-6165.jpg,mpn509-6165,0,100
3x4@_0_mpn509-6335.jpg,mpn509-6335,0,100
3x4@_0_mpn509-6965.jpg,mpn509-6965,0,100
3x4@_0_mpn509-7570.jpg,mpn509-7570,0,100
3x4@_0_mpn526-5613.jpg,mpn526-5613,0,100
3x4@_0_mpn526-6600.jpg,mpn526-6600,0,100
3x4@_0_mpn728-6101.jpg,mpn728-6101,0,100
3x4@_0_mpn823-2099.jpg,mpn823-2099,0,100
3x4@_0_mpn823-9608.jpg,mpn823-9608,0,100
3x4@_0_mpn969-9407.jpg,mpn969-9407,0,100
3x4@_10_206493.jpg,206493,10,100
3x4@_10_254032.jpg,254032,10,100
3x4@_10_267421.jpg,267421,10,100
3x4@_10_282744.jpg,282744,10,100
3x4@_10_mpn261-1160.jpg,mpn261-1160,10,100
3x4@_10_mpn266-5310.jpg,mpn266-5310,10,100
3x4@_10_mpn528-6017.jpg,mpn528-6017,10,100
3x4@_10_mpn529-0630.jpg,mpn529-0630,10,100
3x4@_10_mpn529-6631.jpg,mpn529-6631,10,100
3x4@_10_mpn529-9084.jpg,mpn529-9084,10,100
3x4@_10_mpn544-1009.jpg,mpn544-1009,10,100
3x4@_10_mpn826-6652.jpg,mpn826-6652,10,100
3x4@_10_mpn826-6728.jpg,mpn826-6728,10,100
3x4@_11_120417.jpg,120417,11,100
3x4@_11_188046.jpg,188046,11,100
3x4@_11_188652.jpg,188652,11,100
3x4@_11_196668.jpg,196668,11,100
3x4@_11_221854.jpg,221854,11,100
3x4@_11_226318.jpg,226318,11,100
3x4@_11_226738.jpg,226738,11,100
3x4@_11_241945.jpg,241945,11,100
3x4@_11_261967.jpg,261967,11,100
3x4@_11_263962.jpg,263962,11,100
3x4@_11_277338.jpg,277338,11,100
3x4@_11_287112.jpg,287112,11,100
3x4@_11_288684.jpg,288684,11,100
3x4@_11_288690.jpg,288690,11,100
3x4@_11_291051.jpg,291051,11,100
3x4@_11_292134.jpg,292134,11,100
3x4@_11_299319.jpg,299319,11,100
3x4@_11_53923.jpg,53923,11,100
3x4@_11_mpn109-5149.jpg,mpn109-5149,11,100
3x4@_11_mpn309-9322.jpg,mpn309-9322,11,100
3x4@_11_mpn501-1400.jpg,mpn501-1400,11,100
3x4@_11_mpn523-2475.jpg,mpn523-2475,11,100
3x4@_11_mpn523-5602.jpg,mpn523-5602,11,100
3x4@_11_mpn544-5494.jpg,mpn544-5494,11,100
3x4@_11_mpn544-5999.jpg,mpn544-5999,11,100
3x4@_11_mpn544-6213.jpg,mpn544-6213,11,100
3x4@_11_mpn801-6487.jpg,mpn801-6487,11,100
3x4@_11_mpn803-2194.jpg,mpn803-2194,11,100
3x4@_11_mpn803-6160.jpg,mpn803-6160,11,100
3x4@_11_mpn803-7309.jpg,mpn803-7309,11,100
3x4@_11_mpn824-6655.jpg,mpn824-6655,11,100
3x4@_11_mpn828-6601.jpg,mpn828-6601,11,100
3x4@_11_mpn919-2427.jpg,mpn919-2427,11,100
3x4@_11_mpn966-8005.jpg,mpn966-8005,11,100
3x4@_1_136032.jpg,136032,1,100
3x4@_1_204426.jpg,204426,1,100
3x4@_1_267031.jpg,267031,1,100
3x4@_1_89562.jpg,89562,1,100
3x4@_1_mpn211-2172.jpg,mpn211-2172,1,100
3x4@_1_mpn509-6352.jpg,mpn509-6352,1,100
3x4@_1_mpn509-6972.jpg,mpn509-6972,1,100
3x4@_1_mpn526-6635.jpg,mpn526-6635,1,100
3x4@_1_mpn526-8040.jpg,mpn526-8040,1,100
3x4@_1_mpn574-6174.jpg,mpn574-6174,1,100
3x4@_1_mpn593-9602.jpg,mpn593-9602,1,100
3x4@_1_mpn624-6395.jpg,mpn624-6395,1,100
3x4@_1_mpn624-8221.jpg,mpn624-8221,1,100
3x4@_1_mpn626-6011.jpg,mpn626-6011,1,100
3x4@_1_mpn626-6603.jpg,mpn626-6603,1,100
3x4@_1_mpn626-6614.jpg,mpn626-6614,1,100
3x4@_1_mpn626-9205.jpg,mpn626-9205,1,100
3x4@_1_mpn729-0632.jpg,mpn729-0632,1,100
3x4@_1_mpn824-3107.jpg,mpn824-3107,1,100
3x4@_2_112572.jpg,112572,2,100
3x4@_2_128733.jpg,128733,2,100
3x4@_2_145016.jpg,145016,2,100
3x4@_2_199893.jpg,199893,2,100
3x4@_2_238600.jpg,238600,2,100
3x4@_2_240265.jpg,240265,2,100
3x4@_2_240364.jpg,240364,2,100
3x4@_2_240370.jpg,240370,2,100
3x4@_2_267679.jpg,267679,2,100
3x4@_2_276084.jpg,276084,2,100
3x4@_2_278040.jpg,278040,2,100
3x4@_2_292182.jpg,292182,2,100
3x4@_2_34890.jpg,34890,2,100
3x4@_2_93415.jpg,93415,2,100
3x4@_2_mpn944-3165.jpg,mpn944-3165,2,100
3x4@_2_mpn944-6165.jpg,mpn944-6165,2,100
3x4@_2_mpn944-6168.jpg,mpn944-6168,2,100
3x4@_2_mpn961-8703.jpg,mpn961-8703,2,100
3x4@_2_mpn969-9407.jpg,mpn969-9407,2,100
3x4@_3_153184.jpg,153184,3,100
3x4@_3_192888.jpg,192888,3,100
3x4@_3_239434.jpg,239434,3,100
3x4@_3_248410.jpg,248410,3,100
3x4@_3_250252.jpg,250252,3,100
3x4@_3_254011.jpg,254011,3,100
3x4@_3_259408.jpg,259408,3,100
3x4@_3_259411.jpg,259411,3,100
3x4@_3_280653.jpg,280653,3,100
3x4@_3_283023.jpg,283023,3,100
3x4@_3_299031.jpg,299031,3,100
3x4@_4_105042.jpg,105042,4,100
3x4@_4_211942.jpg,211942,4,100
3x4@_4_211951.jpg,211951,4,100
3x4@_4_212026.jpg,212026,4,100
3x4@_4_212086.jpg,212086,4,100
3x4@_4_226651.jpg,226651,4,100
3x4@_4_246844.jpg,246844,4,100
3x4@_4_267001.jpg,267001,4,100
3x4@_4_267004.jpg,267004,4,100
3x4@_4_276525.jpg,276525,4,100
3x4@_4_283716.jpg,283716,4,100
3x4@_4_283719.jpg,283719,4,100
3x4@_4_285810.jpg,285810,4,100
3x4@_4_294870.jpg,294870,4,100
3x4@_4_294984.jpg,294984,4,100
3x4@_5_112494.jpg,112494,5,100
3x4@_5_183081.jpg,183081,5,100
3x4@_5_183237.jpg,183237,5,100
3x4@_5_199530.jpg,199530,5,100
3x4@_5_263401.jpg,263401,5,100
3x4@_5_277350.jpg,277350,5,100
3x4@_5_277470.jpg,277470,5,100
3x4@_5_277929.jpg,277929,5,100
3x4@_5_284472.jpg,284472,5,100
3x4@_5_290847.jpg,290847,5,100
3x4@_5_294870.jpg,294870,5,100
3x4@_5_40985.jpg,40985,5,100
3x4@_5_96412.jpg,96412,5,100
3x4@_5_mpn519-1101.jpg,mpn519-1101,5,100
3x4@_5_mpn546-6052.jpg,mpn546-6052,5,100
3x4@_5_mpn809-2180.jpg,mpn809-2180,5,100
3x4@_5_mpn824-6127.jpg,mpn824-6127,5,100
3x4@_5_mpn824-6346.jpg,mpn824-6346,5,100
3x4@_5_mpn824-6381.jpg,mpn824-6381,5,100
3x4@_5_mpn824-6502.jpg,mpn824-6502,5,100
3x4@_5_mpn824-6550.jpg,mpn824-6550,5,100
3x4@_5_mpn824-6622.jpg,mpn824-6622,5,100
3x4@_5_mpn824-6629.jpg,mpn824-6629,5,100
3x4@_5_mpn824-6657.jpg,mpn824-6657,5,100
3x4@_5_mpn824-6674.jpg,mpn824-6674,5,100
3x4@_5_mpn826-9809.jpg,mpn826-9809,5,100
3x4@_5_mpn826-9813.jpg,mpn826-9813,5,100
3x4@_5_mpn826-9836.jpg,mpn826-9836,5,100
3x4@_5_mpn828-6796.jpg,mpn828-6796,5,100
3x4@_5_mpn864-6104.jpg,mpn864-6104,5,100
3x4@_5_mpn866-6050.jpg,mpn866-6050,5,100
3x4@_5_mpn919-2427.jpg,mpn919-2427,5,100
3x4@_6_129663.jpg,129663,6,100
3x4@_6_130653.jpg,130653,6,100
3x4@_6_153271.jpg,153271,6,100
3x4@_6_161914.jpg,161914,6,100
3x4@_6_274542.jpg,274542,6,100
3x4@_8_207642.jpg,207642,8,100
3x4@_8_226318.jpg,226318,8,100
3x4@_8_274542.jpg,274542,8,100
3x4@_8_294162.jpg,294162,8,100
3x4@_8_mpn394-6191.jpg,mpn394-6191,8,100
3x4@_8_mpn394-6235.jpg,mpn394-6235,8,100
3x4@_8_mpn394-6313.jpg,mpn394-6313,8,100
3x4@_8_mpn591-6615.jpg,mpn591-6615,8,100
3x4@_9_151435.jpg,151435,9,100
3x4@_9_152263.jpg,152263,9,100
3x4@_9_152266.jpg,152266,9,100
3x4@_9_159194.jpg,159194,9,100
3x4@_9_178056.jpg,178056,9,100
3x4@_9_218146.jpg,218146,9,100
3x4@_9_226783.jpg,226783,9,100
3x4@_9_233470.jpg,233470,9,100
3x4@_9_233839.jpg,233839,9,100
3x4@_9_250363.jpg,250363,9,100
3x4@_9_252922.jpg,252922,9,100
3x4@_9_270376.jpg,270376,9,100
3x4@_9_275808.jpg,275808,9,100
3x4@_9_277470.jpg,277470,9,100
3x4@_9_277701.jpg,277701,9,100
3x4@_9_279555.jpg,279555,9,100
3x4@_9_283062.jpg,283062,9,100
3x4@_9_283194.jpg,283194,9,100
3x4@_9_287112.jpg,287112,9,100
3x4@_9_287118.jpg,287118,9,100
3x4@_9_290937.jpg,290937,9,100
3x4@_9_42903.jpg,42903,9,100
3x4@_9_57926.jpg,57926,9,100
3x4@_9_65847.jpg,65847,9,100
3x4@_9_mpn311-2195.jpg,mpn311-2195,9,100
3x4@_9_mpn424-6006.jpg,mpn424-6006,9,100
3x4@_9_mpn519-1101.jpg,mpn519-1101,9,100
3x4@_9_mpn519-9105.jpg,mpn519-9105,9,100
3x4@_9_mpn693-6600.jpg,mpn693-6600,9,100
3x4@_9_mpn694-6634.jpg,mpn694-6634,9,100
3x4@_9_mpn696-6605.jpg,mpn696-6605,9,100
3x4@_9_mpn721-2602.jpg,mpn721-2602,9,100
3x4@_9_mpn721-2946.jpg,mpn721-2946,9,100
3x4@_9_mpn801-5332.jpg,mpn801-5332,9,100
3x4@_9_mpn803-3109.jpg,mpn803-3109,9,100
3x4@_9_mpn829-3001.jpg,mpn829-3001,9,100
3x4@_9_mpn919-6363.jpg,mpn919-6363,9,100
3x4@_9_mpn919-6416.jpg,mpn919-6416,9,100
3x4@_9_mpn919-6474.jpg,mpn919-6474,9,100
